"0","#Most popular nations"
"0","country_table <- table(ad_clickers$Country)"
"0","country_table"
"1","
"
"1","                                        Afghanistan "
"1","                                            Albania "
"1","
"
"1","                                                  5 "
"1","                                                  4 "
"1","
"
"1","                                            Algeria "
"1","                                     American Samoa "
"1","
"
"1","                                                  2 "
"1","                                                  3 "
"1","
"
"1","                                            Andorra "
"1","                                             Angola "
"1","
"
"1","                                                  2 "
"1","                                                  1 "
"1","
"
"1","                                           Anguilla "
"1","       Antarctica (the territory South of 60 deg S) "
"1","
"
"1","                                                  3 "
"1","                                                  2 "
"1","
"
"1","                                Antigua and Barbuda "
"1","                                          Argentina "
"1","
"
"1","                                                  4 "
"1","                                                  1 "
"1","
"
"1","                                            Armenia "
"1","                                          Australia "
"1","
"
"1","                                                  1 "
"1","                                                  7 "
"1","
"
"1","                                            Austria "
"1","                                            Bahamas "
"1","
"
"1","                                                  1 "
"1","                                                  4 "
"1","
"
"1","                                            Bahrain "
"1","                                         Bangladesh "
"1","
"
"1","                                                  2 "
"1","                                                  2 "
"1","
"
"1","                                           Barbados "
"1","                                            Belarus "
"1","
"
"1","                                                  2 "
"1","                                                  3 "
"1","
"
"1","                                            Belgium "
"1","                                             Belize "
"1","
"
"1","                                                  2 "
"1","                                                  2 "
"1","
"
"1","                                              Benin "
"1","                                             Bhutan "
"1","
"
"1","                                                  1 "
"1","                                                  1 "
"1","
"
"1","                             Bosnia and Herzegovina "
"1","                          Bouvet Island (Bouvetoya) "
"1","
"
"1","                                                  3 "
"1","                                                  2 "
"1","
"
"1","                                             Brazil "
"1","British Indian Ocean Territory (Chagos Archipelago) "
"1","
"
"1","                                                  3 "
"1","                                                  1 "
"1","
"
"1","                             British Virgin Islands "
"1","                                  Brunei Darussalam "
"1","
"
"1","                                                  1 "
"1","                                                  2 "
"1","
"
"1","                                           Bulgaria "
"1","                                       Burkina Faso "
"1","
"
"1","                                                  4 "
"1","                                                  1 "
"1","
"
"1","                                            Burundi "
"1","                                           Cambodia "
"1","
"
"1","                                                  2 "
"1","                                                  2 "
"1","
"
"1","                                             Canada "
"1","                                     Cayman Islands "
"1","
"
"1","                                                  3 "
"1","                                                  3 "
"1","
"
"1","                           Central African Republic "
"1","                                               Chad "
"1","
"
"1","                                                  1 "
"1","                                                  2 "
"1","
"
"1","                                              Chile "
"1","                                              China "
"1","
"
"1","                                                  3 "
"1","                                                  4 "
"1","
"
"1","                                   Christmas Island "
"1","                                           Colombia "
"1","
"
"1","                                                  4 "
"1","                                                  1 "
"1","
"
"1","                                            Comoros "
"1","                                              Congo "
"1","
"
"1","                                                  1 "
"1","                                                  3 "
"1","
"
"1","                                       Cook Islands "
"1","                                         Costa Rica "
"1","
"
"1","                                                  1 "
"1","                                                  2 "
"1","
"
"1","                                      Cote d'Ivoire "
"1","                                               Cuba "
"1","
"
"1","                                                  3 "
"1","                                                  4 "
"1","
"
"1","                                             Cyprus "
"1","                                     Czech Republic "
"1","
"
"1","                                                  4 "
"1","                                                  4 "
"1","
"
"1","                                            Denmark "
"1","                                           Djibouti "
"1","
"
"1","                                                  2 "
"1","                                                  1 "
"1","
"
"1","                                           Dominica "
"1","                                 Dominican Republic "
"1","
"
"1","                                                  2 "
"1","                                                  2 "
"1","
"
"1","                                            Ecuador "
"1","                                              Egypt "
"1","
"
"1","                                                  2 "
"1","                                                  3 "
"1","
"
"1","                                        El Salvador "
"1","                                  Equatorial Guinea "
"1","
"
"1","                                                  3 "
"1","                                                  3 "
"1","
"
"1","                                            Eritrea "
"1","                                            Estonia "
"1","
"
"1","                                                  3 "
"1","                                                  1 "
"1","
"
"1","                                           Ethiopia "
"1","                        Falkland Islands (Malvinas) "
"1","
"
"1","                                                  7 "
"1","                                                  2 "
"1","
"
"1","                                      Faroe Islands "
"1","                                               Fiji "
"1","
"
"1","                                                  2 "
"1","                                                  3 "
"1","
"
"1","                                            Finland "
"1","                                             France "
"1","
"
"1","                                                  1 "
"1","                                                  5 "
"1","
"
"1","                                      French Guiana "
"1","                                   French Polynesia "
"1","
"
"1","                                                  3 "
"1","                                                  1 "
"1","
"
"1","                        French Southern Territories "
"1","                                             Gambia "
"1","
"
"1","                                                  1 "
"1","                                                  1 "
"1","
"
"1","                                            Georgia "
"1","                                            Germany "
"1","
"
"1","                                                  2 "
"1","                                                  1 "
"1","
"
"1","                                              Ghana "
"1","                                             Greece "
"1","
"
"1","                                                  2 "
"1","                                                  3 "
"1","
"
"1","                                          Greenland "
"1","                                            Grenada "
"1","
"
"1","                                                  1 "
"1","                                                  2 "
"1","
"
"1","                                         Guadeloupe "
"1","                                               Guam "
"1","
"
"1","                                                  1 "
"1","                                                  2 "
"1","
"
"1","                                          Guatemala "
"1","                                           Guernsey "
"1","
"
"1","                                                  3 "
"1","                                                  2 "
"1","
"
"1","                                             Guinea "
"1","                                      Guinea-Bissau "
"1","
"
"1","                                                  2 "
"1","                                                  1 "
"1","
"
"1","                                             Guyana "
"1","                                              Haiti "
"1","
"
"1","                                                  3 "
"1","                                                  1 "
"1","
"
"1","                  Heard Island and McDonald Islands "
"1","                      Holy See (Vatican City State) "
"1","
"
"1","                                                  2 "
"1","                                                  1 "
"1","
"
"1","                                           Honduras "
"1","                                          Hong Kong "
"1","
"
"1","                                                  2 "
"1","                                                  4 "
"1","
"
"1","                                            Hungary "
"1","                                            Iceland "
"1","
"
"1","                                                  5 "
"1","                                                  1 "
"1","
"
"1","                                          Indonesia "
"1","                                               Iran "
"1","
"
"1","                                                  4 "
"1","                                                  3 "
"1","
"
"1","                                            Ireland "
"1","                                        Isle of Man "
"1","
"
"1","                                                  1 "
"1","                                                  1 "
"1","
"
"1","                                             Israel "
"1","                                              Italy "
"1","
"
"1","                                                  2 "
"1","                                                  1 "
"1","
"
"1","                                            Jamaica "
"1","                                              Japan "
"1","
"
"1","                                                  2 "
"1","                                                  2 "
"1","
"
"1","                                             Jersey "
"1","                                         Kazakhstan "
"1","
"
"1","                                                  3 "
"1","                                                  2 "
"1","
"
"1","                                              Kenya "
"1","                                           Kiribati "
"1","
"
"1","                                                  4 "
"1","                                                  1 "
"1","
"
"1","                                              Korea "
"1","                                             Kuwait "
"1","
"
"1","                                                  3 "
"1","                                                  1 "
"1","
"
"1","                                    Kyrgyz Republic "
"1","                   Lao People's Democratic Republic "
"1","
"
"1","                                                  1 "
"1","                                                  2 "
"1","
"
"1","                                             Latvia "
"1","                                            Lebanon "
"1","
"
"1","                                                  4 "
"1","                                                  3 "
"1","
"
"1","                                            Liberia "
"1","                             Libyan Arab Jamahiriya "
"1","
"
"1","                                                  6 "
"1","                                                  2 "
"1","
"
"1","                                      Liechtenstein "
"1","                                          Lithuania "
"1","
"
"1","                                                  6 "
"1","                                                  3 "
"1","
"
"1","                                         Luxembourg "
"1","                                              Macao "
"1","
"
"1","                                                  2 "
"1","                                                  3 "
"1","
"
"1","                                          Macedonia "
"1","                                         Madagascar "
"1","
"
"1","                                                  1 "
"1","                                                  2 "
"1","
"
"1","                                             Malawi "
"1","                                           Maldives "
"1","
"
"1","                                                  2 "
"1","                                                  2 "
"1","
"
"1","                                               Mali "
"1","                                              Malta "
"1","
"
"1","                                                  1 "
"1","                                                  3 "
"1","
"
"1","                                   Marshall Islands "
"1","                                         Martinique "
"1","
"
"1","                                                  1 "
"1","                                                  3 "
"1","
"
"1","                                         Mauritania "
"1","                                          Mauritius "
"1","
"
"1","                                                  1 "
"1","                                                  1 "
"1","
"
"1","                                            Mayotte "
"1","                                             Mexico "
"1","
"
"1","                                                  5 "
"1","                                                  4 "
"1","
"
"1","                                         Micronesia "
"1","                                            Moldova "
"1","
"
"1","                                                  4 "
"1","                                                  2 "
"1","
"
"1","                                             Monaco "
"1","                                           Mongolia "
"1","
"
"1","                                                  1 "
"1","                                                  4 "
"1","
"
"1","                                         Montenegro "
"1","                                         Montserrat "
"1","
"
"1","                                                  2 "
"1","                                                  1 "
"1","
"
"1","                                            Morocco "
"1","                                            Myanmar "
"1","
"
"1","                                                  1 "
"1","                                                  1 "
"1","
"
"1","                                            Namibia "
"1","                                              Nauru "
"1","
"
"1","                                                  1 "
"1","                                                  1 "
"1","
"
"1","                                        Netherlands "
"1","                               Netherlands Antilles "
"1","
"
"1","                                                  3 "
"1","                                                  2 "
"1","
"
"1","                                      New Caledonia "
"1","                                        New Zealand "
"1","
"
"1","                                                  2 "
"1","                                                  2 "
"1","
"
"1","                                              Niger "
"1","                                     Norfolk Island "
"1","
"
"1","                                                  2 "
"1","                                                  2 "
"1","
"
"1","                           Northern Mariana Islands "
"1","                                             Norway "
"1","
"
"1","                                                  2 "
"1","                                                  1 "
"1","
"
"1","                                           Pakistan "
"1","                                              Palau "
"1","
"
"1","                                                  1 "
"1","                                                  2 "
"1","
"
"1","                              Palestinian Territory "
"1","                                   Papua New Guinea "
"1","
"
"1","                                                  2 "
"1","                                                  3 "
"1","
"
"1","                                           Paraguay "
"1","                                               Peru "
"1","
"
"1","                                                  1 "
"1","                                                  5 "
"1","
"
"1","                                        Philippines "
"1","                                   Pitcairn Islands "
"1","
"
"1","                                                  3 "
"1","                                                  1 "
"1","
"
"1","                                             Poland "
"1","                                           Portugal "
"1","
"
"1","                                                  3 "
"1","                                                  1 "
"1","
"
"1","                                        Puerto Rico "
"1","                                              Qatar "
"1","
"
"1","                                                  3 "
"1","                                                  2 "
"1","
"
"1","                                            Romania "
"1","                                 Russian Federation "
"1","
"
"1","                                                  1 "
"1","                                                  1 "
"1","
"
"1","                                             Rwanda "
"1","                                   Saint Barthelemy "
"1","
"
"1","                                                  2 "
"1","                                                  2 "
"1","
"
"1","                                       Saint Helena "
"1","                              Saint Kitts and Nevis "
"1","
"
"1","                                                  2 "
"1","                                                  1 "
"1","
"
"1","                                        Saint Lucia "
"1","                                       Saint Martin "
"1","
"
"1","                                                  1 "
"1","                                                  2 "
"1","
"
"1","                          Saint Pierre and Miquelon "
"1","                   Saint Vincent and the Grenadines "
"1","
"
"1","                                                  3 "
"1","                                                  3 "
"1","
"
"1","                                              Samoa "
"1","                                         San Marino "
"1","
"
"1","                                                  4 "
"1","                                                  1 "
"1","
"
"1","                              Sao Tome and Principe "
"1","                                       Saudi Arabia "
"1","
"
"1","                                                  2 "
"1","                                                  3 "
"1","
"
"1","                                            Senegal "
"1","                                             Serbia "
"1","
"
"1","                                                  5 "
"1","                                                  3 "
"1","
"
"1","                                         Seychelles "
"1","                                       Sierra Leone "
"1","
"
"1","                                                  1 "
"1","                                                  2 "
"1","
"
"1","                                          Singapore "
"1","                                           Slovenia "
"1","
"
"1","                                                  1 "
"1","                                                  1 "
"1","
"
"1","                                            Somalia "
"1","                                       South Africa "
"1","
"
"1","                                                  2 "
"1","                                                  6 "
"1","
"
"1","       South Georgia and the South Sandwich Islands "
"1","                                              Spain "
"1","
"
"1","                                                  1 "
"1","                                                  3 "
"1","
"
"1","                                           Suriname "
"1","                       Svalbard & Jan Mayen Islands "
"1","
"
"1","                                                  1 "
"1","                                                  4 "
"1","
"
"1","                                             Sweden "
"1","                                        Switzerland "
"1","
"
"1","                                                  1 "
"1","                                                  3 "
"1","
"
"1","                               Syrian Arab Republic "
"1","                                             Taiwan "
"1","
"
"1","                                                  1 "
"1","                                                  4 "
"1","
"
"1","                                         Tajikistan "
"1","                                           Tanzania "
"1","
"
"1","                                                  1 "
"1","                                                  1 "
"1","
"
"1","                                           Thailand "
"1","                                        Timor-Leste "
"1","
"
"1","                                                  2 "
"1","                                                  1 "
"1","
"
"1","                                               Togo "
"1","                                            Tokelau "
"1","
"
"1","                                                  1 "
"1","                                                  3 "
"1","
"
"1","                                              Tonga "
"1","                                Trinidad and Tobago "
"1","
"
"1","                                                  2 "
"1","                                                  2 "
"1","
"
"1","                                            Tunisia "
"1","                                             Turkey "
"1","
"
"1","                                                  1 "
"1","                                                  7 "
"1","
"
"1","                                       Turkmenistan "
"1","                           Turks and Caicos Islands "
"1","
"
"1","                                                  2 "
"1","                                                  3 "
"1","
"
"1","                                             Tuvalu "
"1","                                             Uganda "
"1","
"
"1","                                                  3 "
"1","                                                  4 "
"1","
"
"1","                                            Ukraine "
"1","                               United Arab Emirates "
"1","
"
"1","                                                  1 "
"1","                                                  3 "
"1","
"
"1","                                     United Kingdom "
"1","               United States Minor Outlying Islands "
"1","
"
"1","                                                  2 "
"1","                                                  2 "
"1","
"
"1","                           United States of America "
"1","                       United States Virgin Islands "
"1","
"
"1","                                                  3 "
"1","                                                  2 "
"1","
"
"1","                                            Uruguay "
"1","                                         Uzbekistan "
"1","
"
"1","                                                  1 "
"1","                                                  1 "
"1","
"
"1","                                            Vanuatu "
"1","                                          Venezuela "
"1","
"
"1","                                                  1 "
"1","                                                  3 "
"1","
"
"1","                                            Vietnam "
"1","                                  Wallis and Futuna "
"1","
"
"1","                                                  2 "
"1","                                                  1 "
"1","
"
"1","                                     Western Sahara "
"1","                                              Yemen "
"1","
"
"1","                                                  4 "
"1","                                                  2 "
"1","
"
"1","                                             Zambia "
"1","                                           Zimbabwe "
"1","
"
"1","                                                  3 "
"1","                                                  4 "
"1","
"
